{
  "eval_accuracy": 0.971900826446281,
  "eval_log_loss": 0.0707077905535698,
  "train_samples": 9398,
  "eval_samples": 1210,
  "truncate_dim": 256,
  "embedding_model": "hotchpotch/static-embedding-japanese",
  "feature_version": "source-a-b-diff-sim-v1",
  "classification_report": {
    "0": {
      "precision": 0.9734660033167496,
      "recall": 0.9702479338842975,
      "f1-score": 0.9718543046357616,
      "support": 605.0
    },
    "1": {
      "precision": 0.9703459637561779,
      "recall": 0.9735537190082645,
      "f1-score": 0.971947194719472,
      "support": 605.0
    },
    "accuracy": 0.971900826446281,
    "macro avg": {
      "precision": 0.9719059835364637,
      "recall": 0.971900826446281,
      "f1-score": 0.9719007496776169,
      "support": 1210.0
    },
    "weighted avg": {
      "precision": 0.9719059835364638,
      "recall": 0.971900826446281,
      "f1-score": 0.9719007496776169,
      "support": 1210.0
    }
  }
}